epoch,accuracy,loss
0,0.7590014,0.7799928004516012
